{
    "properties": {
        "lattice_vector_a": [
            13.028999,
            0.0,
            0.0
        ],
        "lattice_vector_b": [
            1.365551,
            11.312559,
            0.0
        ],
        "lattice_vector_c": [
            0.0,
            0.0,
            90.417986
        ],
        "alpha": 90.0,
        "beta": 90.0,
        "gamma": 83.1170675146222,
        "a": 13.028999,
        "b": 11.394679489221362,
        "c": 90.417986,
        "energy": -70620.082920904,
        "hirshfeld_volumes": [
            0.6561883887581658,
            0.7367765235905058,
            0.6735131475949867,
            0.6855966579782733,
            0.702418234403269,
            0.7523413741084369,
            0.7253159396022114,
            0.7531859406385193,
            0.6654369320994139,
            0.6149258199702358,
            0.6523132466138177,
            0.6348016006124804,
            0.637925566041395,
            0.6362784712115984,
            0.6289842478040366,
            0.6149324439386872,
            0.7534709290672524,
            0.7368763062231369,
            0.6856800188775563,
            0.6651921578223448,
            0.7528289910486528,
            0.6735230669651301,
            0.7022170309846802,
            0.7257990280032312,
            0.6561526468655837,
            0.6150814033311828,
            0.615031726080302,
            0.6348330682313824,
            0.6363323684660489,
            0.6522739600790375,
            0.6371652367723755,
            0.6289056254893763,
            0.8783779569632878,
            0.8748725900955723,
            0.8771770546925053,
            0.875241623123412,
            0.8417007208089364,
            0.8467597332054426,
            0.8361701932392135,
            0.8362995362038501,
            0.8412941890189348,
            0.8464167580065264,
            0.8507708810926097,
            0.8522889051748858,
            0.8616439717490925,
            0.8552026323090294,
            0.7893868395988661,
            0.8637310921955614,
            0.8545553893229146,
            0.7800737501571473,
            0.875342269862306,
            0.8468292067795175,
            0.8550559201449285,
            0.8364283179617916,
            0.7891350380557941,
            0.8751118288293124,
            0.8467522830455215,
            0.8525571455877015,
            0.8411067148194655,
            0.8509175680037525,
            0.8618688324156548,
            0.8782504590764796,
            0.8770549477749433,
            0.841646902188312,
            0.8360411710408736,
            0.8638843290255359,
            0.8546752892931324,
            0.7801516539208343,
            0.8788605257948543,
            0.9337262504156465,
            0.8956375162687734,
            0.8971158258175169,
            0.9444464863921369,
            0.8813319543967365,
            0.9718818464875112,
            0.9604990857547775,
            0.8972228103201033,
            0.9441370245592963,
            0.8785993818670171,
            0.8955401598461055,
            0.9346256542370752,
            0.881404482938395,
            0.9719697858032795,
            0.9607688223849064
        ],
        "vdw_energy": -2.30625975,
        "Total Calculation Time": 141.802,
        "unit_cell_volume": 13326.82629909877,
        "ibslib": "Structure file was written using ibslib.",
        "mbd_energy": -3.188482358
    },
    "struct_id": "ASPIRIN.110.1.0",
    "input_ref": null,
    "geometry": [
        [
            10.92330265045166,
            3.3963921070098877,
            45.79399871826172,
            "H",
            NaN,
            NaN,
            false
        ],
        [
            2.7769641876220703,
            8.87835693359375,
            44.465126037597656,
            "H",
            NaN,
            NaN,
            false
        ],
        [
            10.7034273147583,
            1.4061850309371948,
            44.298301696777344,
            "H",
            NaN,
            NaN,
            false
        ],
        [
            4.298841953277588,
            10.706669807434082,
            43.705162048339844,
            "H",
            NaN,
            NaN,
            false
        ],
        [
            8.516837120056152,
            0.190842866897583,
            44.169639587402344,
            "H",
            NaN,
            NaN,
            false
        ],
        [
            4.206425189971924,
            0.7271599769592285,
            45.402034759521484,
            "H",
            NaN,
            NaN,
            false
        ],
        [
            6.585789680480957,
            1.0065689086914062,
            45.498512268066406,
            "H",
            NaN,
            NaN,
            false
        ],
        [
            3.9670982360839844,
            0.18372726440429688,
            47.81050109863281,
            "H",
            NaN,
            NaN,
            false
        ],
        [
            13.086567878723145,
            6.647689342498779,
            46.771053314208984,
            "H",
            NaN,
            NaN,
            false
        ],
        [
            9.529796600341797,
            5.31599760055542,
            50.417972564697266,
            "H",
            NaN,
            NaN,
            false
        ],
        [
            12.37217903137207,
            7.563554286956787,
            48.130126953125,
            "H",
            NaN,
            NaN,
            false
        ],
        [
            8.638267517089844,
            6.151147365570068,
            49.09307861328125,
            "H",
            NaN,
            NaN,
            false
        ],
        [
            0.8769230246543884,
            6.640562534332275,
            48.33718490600586,
            "H",
            NaN,
            NaN,
            false
        ],
        [
            10.401111602783203,
            6.038632869720459,
            49.03485107421875,
            "H",
            NaN,
            NaN,
            false
        ],
        [
            5.60969352722168,
            4.275909900665283,
            48.359336853027344,
            "H",
            NaN,
            NaN,
            false
        ],
        [
            3.139333724975586,
            8.62271499633789,
            50.41191482543945,
            "H",
            NaN,
            NaN,
            false
        ],
        [
            8.939828872680664,
            6.446609020233154,
            42.605499267578125,
            "H",
            NaN,
            NaN,
            false
        ],
        [
            11.498995780944824,
            9.064674377441406,
            45.95286178588867,
            "H",
            NaN,
            NaN,
            false
        ],
        [
            9.977129936218262,
            7.236350059509277,
            46.712825775146484,
            "H",
            NaN,
            NaN,
            false
        ],
        [
            14.214920997619629,
            11.295194625854492,
            43.64485168457031,
            "H",
            NaN,
            NaN,
            false
        ],
        [
            8.70398235321045,
            5.903300762176514,
            45.01594924926758,
            "H",
            NaN,
            NaN,
            false
        ],
        [
            2.2069714069366455,
            5.22430944442749,
            46.11968231201172,
            "H",
            NaN,
            NaN,
            false
        ],
        [
            4.393573760986328,
            6.439640045166016,
            46.248348236083984,
            "H",
            NaN,
            NaN,
            false
        ],
        [
            6.324620723724365,
            5.6239142417907715,
            44.91947555541992,
            "H",
            NaN,
            NaN,
            false
        ],
        [
            1.9871073961257935,
