{
    "properties": {
        "lattice_vector_a": [
            11.28039,
            0.0,
            0.0
        ],
        "lattice_vector_b": [
            0.011394,
            6.53946,
            0.0
        ],
        "lattice_vector_c": [
            0.0,
            0.0,
            91.728376
        ],
        "alpha": 90.0,
        "beta": 90.0,
        "gamma": 89.90017104605555,
        "a": 11.28039,
        "b": 6.53946992613591,
        "c": 91.728376,
        "energy": -70624.406762886,
        "hirshfeld_volumes": [
            0.7552733700775144,
            0.7545629944349368,
            0.7509043990753358,
            0.708901285488563,
            0.7454017556209802,
            0.7454879194709552,
            0.6414927001852636,
            0.7599774640352357,
            0.760346137978911,
            0.7056567931798913,
            0.772192461850537,
            0.7722881279948087,
            0.7369812193911868,
            0.737151286841547,
            0.7102377814226186,
            0.7586223685284093,
            0.7590379378773164,
            0.6346486985969785,
            0.7227142043888027,
            0.722418878509077,
            0.6552914224266737,
            0.8031865448959964,
            0.8034211234273608,
            0.7949741315238432,
            0.7516403962399436,
            0.709282195332086,
            0.6417049003361838,
            0.7059208253060679,
            0.7100786986445653,
            0.6352468828467261,
            0.65492598458957,
            0.7949449090795004,
            0.8770339257619623,
            0.8738756154010209,
            0.8740009200415579,
            0.8751364198374812,
            0.8746819582017531,
            0.8747802523858214,
            0.8514239147969236,
            0.8492368334711552,
            0.8491781684317734,
            0.8408107466587131,
            0.8441408510127153,
            0.8442217464459856,
            0.8351743936131568,
            0.8475111019283953,
            0.8476809022810129,
            0.8502604535288775,
            0.8560575773826582,
            0.8561458149791566,
            0.8595290899736256,
            0.8569181229713554,
            0.8571118287411956,
            0.8504616889785918,
            0.850327801287452,
            0.8487634374898609,
            0.8170797521544887,
            0.81713067340115,
            0.7921895834748193,
            0.876859725215729,
            0.8750213404957656,
            0.8514870711017591,
            0.8408225029852785,
            0.8351621080490665,
            0.8502335749788172,
            0.8593890392174797,
            0.8488938617646694,
            0.7922918539251862,
            0.8924097955711439,
            0.892485082013109,
            0.8923240142805925,
            0.9093593437579355,
            0.8986068708499807,
            0.8989641379826987,
            0.8937299914332754,
            0.8937824762672215,
            0.9033236158144113,
            0.9162780403858075,
            0.9052433978433921,
            0.9053095255992237,
            0.8923368416943228,
            0.9092859946244345,
            0.9032171159566716,
            0.9162714201541499
        ],
        "vdw_energy": -4.2296056,
        "Total Calculation Time": 222.761,
        "unit_cell_volume": 6766.587578765152,
        "ibslib": "Structure file was written using ibslib.",
        "mbd_energy": -4.80804909
    },
    "struct_id": "ASPIRIN.001.1.0",
    "input_ref": null,
    "geometry": [
        [
            8.555231094360352,
            1.406611680984497,
            48.64841842651367,
            "H",
            NaN,
            NaN,
            false
        ],
        [
            1.0463048219680786,
            4.6958489418029785,
            43.08600997924805,
            "H",
            NaN,
            NaN,
            false
        ],
        [
            9.344372749328613,
            1.6132128238677979,
            43.00749206542969,
            "H",
            NaN,
            NaN,
            false
        ],
        [
            2.0492851734161377,
            3.392122507095337,
            41.20704650878906,
            "H",
            NaN,
            NaN,
            false
        ],
        [
            1.2476928234100342,
            6.178037166595459,
            46.84989929199219,
            "H",
            NaN,
            NaN,
            false
        ],
        [
            8.34109878540039,
            2.9169325828552246,
            44.88847351074219,
            "H",
            NaN,
            NaN,
            false
        ],
        [
            4.049968242645264,
            4.301100730895996,
            39.99999237060547,
            "H",
            NaN,
            NaN,
            false
        ],
        [
            3.2492458820343018,
            5.268411159515381,
            45.648902893066406,
            "H",
            NaN,
            NaN,
            false
        ],
        [
            6.34097957611084,
            2.007967233657837,
            46.09149169921875,
            "H",
            NaN,
            NaN,
            false
        ],
        [
            5.029446125030518,
            6.464400291442871,
            40.71822738647461,
            "H",
            NaN,
            NaN,
            false
        ],
        [
            4.223197937011719,
            3.1012866497039795,
            46.365116119384766,
            "H",
            NaN,
            NaN,
            false
        ],
        [
            5.372613906860352,
            6.384128093719482,
            45.3753662109375,
            "H",
            NaN,
            NaN,
            false
        ],
        [
            9.73767375946045,
            6.216090202331543,
            47.07326126098633,
            "H",
            NaN,
            NaN,
            false
        ],
        [
            11.131656646728516,
            2.958118200302124,
            44.66520690917969,
            "H",
            NaN,
            NaN,
            false
        ],
        [
            10.539116859436035,
            3.3509435653686523,
            41.43031311035156,
            "H",
            NaN,
            NaN,
            false
        ],
        [
            8.333995819091797,
            5.573562145233154,
            46.143775939941406,
            "H",
            NaN,
            NaN,
            false
        ],
        [
            1.248779535293579,
            2.308547019958496,
            45.5986328125,
            "H",
            NaN,
            NaN,
            false
        ],
        [
            9.142179489135742,
            4.000527858734131,
            40.49285125732422,
            "H",
            NaN,
            NaN,
            false
        ],
        [
            9.824806213378906,
            4.631350040435791,
            46.25247573852539,
            "H",
            NaN,
            NaN,
            false
        ],
        [
            11.037325859069824,
            1.3693171739578247,
            45.47792053222656,
            "H",
            NaN,
            NaN,
            false
        ],
        [
            10.63374137878418,
            4.939751148223877,
            40.61558151245117,
            "H",
            NaN,
            NaN,
            false
        ],
        [
            5.2797932624816895,
            6.342053413391113,
            47.958438873291016,
            "H",
            NaN,
            NaN,
            false
        ],
        [
            4.317817211151123,
            3.0880703926086426,
            43.77599334716797,
            "H",
            NaN,
            NaN,
            false
        ],
        [
            6.072566986083984,
            3.220991373062134,
            42.31952667236328,
            "H",
            NaN,
            NaN,
            false
        ],
        [
            0.23916186392307281,
