{
    "properties": {
        "lattice_vector_a": [
            11.39468,
            0.0,
            0.0
        ],
        "lattice_vector_b": [
            -1.580333,
            11.169143,
            0.0
        ],
        "lattice_vector_c": [
            0.0,
            0.0,
            89.674573
        ],
        "alpha": 90.0,
        "beta": 90.0,
        "gamma": 98.05337792311701,
        "a": 11.39468,
        "b": 11.28039040748759,
        "c": 89.674573,
        "energy": -70620.81753344,
        "hirshfeld_volumes": [
            0.7252310963249181,
            0.7342821316400817,
            0.7346203198518491,
            0.6285102215064196,
            0.6864177245456337,
            0.6855910792119443,
            0.6262892735262849,
            0.7563879354308901,
            0.7559428250519934,
            0.7424357483728351,
            0.7698017388756362,
            0.741455737717703,
            0.6797435361421924,
            0.6379238555279215,
            0.6800383625359037,
            0.7608683852794517,
            0.6362618725978912,
            0.761550928395509,
            0.7204167646983345,
            0.6732294475788699,
            0.7203997781538394,
            0.6627090962649296,
            0.6373542635862369,
            0.6628806089082245,
            0.7247487295153637,
            0.6284589744423509,
            0.6258544744683276,
            0.7708160572854379,
            0.6376859665198343,
            0.6358011816723547,
            0.6730863413182604,
            0.6375234838198767,
            0.8733047994178444,
            0.8802609333028426,
            0.8733390725175882,
            0.8734080799865331,
            0.8776139504780747,
            0.877618461354868,
            0.8443562759383677,
            0.8485844842831936,
            0.8485503901033439,
            0.8284020698308745,
            0.8381623477877551,
            0.8378196686394748,
            0.8305680536534362,
            0.8499475008732984,
            0.849673734361046,
            0.8520895787413404,
            0.8598653390203009,
            0.8596934480451353,
            0.8591998701146878,
            0.8702039567299655,
            0.8593921606442835,
            0.8540320894667902,
            0.8554003269716473,
            0.8539234077202126,
            0.814399947469119,
            0.7886325361598101,
            0.8144961789700821,
            0.8802851696950048,
            0.8734347487221228,
            0.8442670838337848,
            0.8282767407433249,
            0.8303226969876363,
            0.8519022993120264,
            0.8702856511238446,
            0.8553134122003129,
            0.7884481782828234,
            0.8799050138125984,
            0.8828593384725955,
            0.8802858527319465,
            0.9335855026045137,
            0.9657802911493408,
            0.9336534867534549,
            0.9006171997026232,
            0.8958005348662534,
            0.9006543639979075,
            0.9267744136545506,
            0.9448378824352395,
            0.9267927208594433,
            0.8830927335174854,
            0.9657482804419569,
            0.8958126861495861,
            0.9450321398669301
        ],
        "vdw_energy": -3.00237848,
        "Total Calculation Time": 143.636,
        "unit_cell_volume": 11412.776225182832,
        "ibslib": "Structure file was written using ibslib.",
        "mbd_energy": -3.771235512
    },
    "struct_id": "ASPIRIN.010.1.0",
    "input_ref": null,
    "geometry": [
        [
            10.653986930847168,
            4.170513153076172,
            41.46704864501953,
            "H",
            NaN,
            NaN,
            false
        ],
        [
            4.607287883758545,
            7.124282360076904,
            44.74079513549805,
            "H",
            NaN,
            NaN,
            false
        ],
        [
            10.305011749267578,
            7.115291595458984,
            44.93377685546875,
            "H",
            NaN,
            NaN,
            false
        ],
        [
            1.2610151767730713,
            3.4353713989257812,
            40.16676712036133,
            "H",
            NaN,
            NaN,
            false
        ],
        [
            2.609766721725464,
            7.85463285446167,
            43.432533264160156,
            "H",
            NaN,
            NaN,
            false
        ],
        [
            8.303300857543945,
            7.850444316864014,
            46.23396682739258,
            "H",
            NaN,
            NaN,
            false
        ],
        [
            2.729853391647339,
            1.6214803457260132,
            41.07920455932617,
            "H",
            NaN,
            NaN,
            false
        ],
        [
            1.1336209774017334,
            9.666133880615234,
            44.3369026184082,
            "H",
            NaN,
            NaN,
            false
        ],
        [
            6.834474563598633,
            9.664335250854492,
            45.319644927978516,
            "H",
            NaN,
            NaN,
            false
        ],
        [
            2.151273012161255,
            0.5559775829315186,
            43.24359130859375,
            "H",
            NaN,
            NaN,
            false
        ],
        [
            7.413054466247559,
            10.729838371276855,
            43.15723419189453,
            "H",
            NaN,
            NaN,
            false
        ],
        [
            7.843701362609863,
            0.5588815808296204,
            46.43699264526367,
            "H",
            NaN,
            NaN,
            false
        ],
        [
            8.914823532104492,
            5.118818283081055,
            46.27217102050781,
            "H",
            NaN,
            NaN,
            false
        ],
        [
            0.6494942307472229,
            6.166986465454102,
            40.12865447998047,
            "H",
            NaN,
            NaN,
            false
        ],
        [
            3.22127103805542,
            5.122894763946533,
            43.39236068725586,
            "H",
            NaN,
            NaN,
            false
        ],
        [
            8.192524909973145,
            3.599010705947876,
            45.629112243652344,
            "H",
            NaN,
            NaN,
            false
        ],
        [
            1.3717814683914185,
            7.686794281005859,
            40.773681640625,
            "H",
            NaN,
            NaN,
            false
        ],
        [
            2.4888558387756348,
            3.608146905899048,
            44.039451599121094,
            "H",
            NaN,
            NaN,
            false
        ],
        [
            8.09304141998291,
            5.090694427490234,
            44.68654251098633,
            "H",
            NaN,
            NaN,
            false
        ],
        [
            1.4712889194488525,
            6.195099353790283,
            41.71427917480469,
            "H",
            NaN,
            NaN,
            false
        ],
        [
            2.397839307785034,
            5.101840972900391,
            44.97798538208008,
            "H",
            NaN,
            NaN,
            false
        ],
        [
            10.417048454284668,
            0.8288621306419373,
            46.40085220336914,
            "H",
            NaN,
            NaN,
            false
        ],
        [
            -0.8527433276176453,
            10.456954002380371,
            39.999969482421875,
            "H",
            NaN,
            NaN,
            false
        ],
        [
            4.728048801422119,
            0.82499760389328,
            43.263675689697266,
            "H",
            NaN,
            NaN,
            false
        ],
        [
            4.938116550445557,
