{
    "properties": {
        "lattice_vector_a": [
            13.048713,
            0.0,
            0.0
        ],
        "lattice_vector_b": [
            1.396538,
            11.308776,
            0.0
        ],
        "lattice_vector_c": [
            0.0,
            0.0,
            88.649244
        ],
        "alpha": 90.0,
        "beta": 90.0,
        "gamma": 82.96009893176532,
        "a": 13.048713,
        "b": 11.394680030769623,
        "c": 88.649244,
        "energy": -70621.634102759,
        "hirshfeld_volumes": [
            0.7218930433512504,
            0.694918422753214,
            0.7724030037480898,
            0.7224068888347294,
            0.7283817314929917,
            0.6703015510131172,
            0.7626665268909828,
            0.7600814737064506,
            0.6836158924208832,
            0.7194451970653478,
            0.6695820971871044,
            0.773743203114666,
            0.6437461308363615,
            0.6174040434478262,
            0.6272249756514386,
            0.6212924104140302,
            0.6696329322003363,
            0.7282804654773481,
            0.7624690882100391,
            0.6949782012796077,
            0.6833790827849879,
            0.7724398290328718,
            0.7224130856773134,
            0.6705944447879039,
            0.721842223413049,
            0.7602202785583252,
            0.7196629227174887,
            0.7737437086306928,
            0.6174804276229413,
            0.6438053666616531,
            0.6271269567973894,
            0.6212934676761771,
            0.8746068274277786,
            0.8689493016574384,
            0.8757436328553626,
            0.8721569834319028,
            0.841010804353448,
            0.8385386002064633,
            0.8572711730259388,
            0.8454265320306893,
            0.866716489373833,
            0.8442254261243514,
            0.8508435338529137,
            0.8535979357763569,
            0.8141738829886738,
            0.8129819500850225,
            0.8394758127012001,
            0.8278735469108099,
            0.8236882301779317,
            0.8263737210772378,
            0.8746624105316845,
            0.8758216650330278,
            0.8505390105810013,
            0.8385885860190828,
            0.8138061684876222,
            0.8573234369777524,
            0.8667712839944213,
            0.8721662429394031,
            0.8442252130860988,
            0.8410047414943286,
            0.8536775938146828,
            0.8132288772698943,
            0.8689566637006548,
            0.8454309158367469,
            0.8279195599495612,
            0.8395142203012032,
            0.826382047031236,
            0.8236787071262626,
            0.8821116250990002,
            0.8883960817589349,
            0.9656744928404348,
            0.8939334236494423,
            0.9032474020231726,
            0.9027448248936991,
            0.9207732874043207,
            0.9270135104782774,
            0.9657566134525608,
            0.9034864886795251,
            0.9202961812422876,
            0.882156704271616,
            0.9027565072068875,
            0.8884042669189693,
            0.893929842191809,
            0.927094977836598
        ],
        "vdw_energy": -2.71130973,
        "Total Calculation Time": 130.933,
        "unit_cell_volume": 13081.523244609663,
        "ibslib": "Structure file was written using ibslib.",
        "mbd_energy": -3.593420947
    },
    "struct_id": "ASPIRIN.1-10.1.0",
    "input_ref": null,
    "geometry": [
        [
            1.8552690744400024,
            2.4991037845611572,
            46.562217712402344,
            "H",
            NaN,
            NaN,
            false
        ],
        [
            9.572139739990234,
            11.135875701904297,
            46.94394302368164,
            "H",
            NaN,
            NaN,
            false
        ],
        [
            9.327929496765137,
            10.582900047302246,
            44.53755569458008,
            "H",
            NaN,
            NaN,
            false
        ],
        [
            10.569846153259277,
            0.10648343712091446,
            46.86557388305664,
            "H",
            NaN,
            NaN,
            false
        ],
        [
            3.3339037895202637,
            6.656752586364746,
            44.228172302246094,
            "H",
            NaN,
            NaN,
            false
        ],
        [
            13.519657135009766,
            4.3995890617370605,
            41.93437194824219,
            "H",
            NaN,
            NaN,
            false
        ],
        [
            4.870893955230713,
            5.739226341247559,
            44.017276763916016,
            "H",
            NaN,
            NaN,
            false
        ],
        [
            12.639087677001953,
            5.246785640716553,
            43.25604248046875,
            "H",
            NaN,
            NaN,
            false
        ],
        [
            4.0520734786987305,
            5.739961624145508,
            45.58406066894531,
            "H",
            NaN,
            NaN,
            false
        ],
        [
            1.3492794036865234,
            5.1208624839782715,
            43.31428527832031,
            "H",
            NaN,
            NaN,
            false
        ],
        [
            7.129950523376465,
            7.7018303871154785,
            41.950416564941406,
            "H",
            NaN,
            NaN,
            false
        ],
        [
            9.591577529907227,
            3.366826057434082,
            43.9931640625,
            "H",
            NaN,
            NaN,
            false
        ],
        [
            6.769225597381592,
            7.985171794891357,
            47.896034240722656,
            "H",
            NaN,
            NaN,
            false
        ],
        [
            8.293185234069824,
            9.813393592834473,
            48.649288177490234,
            "H",
            NaN,
            NaN,
            false
        ],
        [
            1.6406683921813965,
            0.5129095315933228,
            48.06074523925781,
            "H",
            NaN,
            NaN,
            false
        ],
        [
            13.899953842163086,
            10.604374885559082,
            48.193275451660156,
            "H",
            NaN,
            NaN,
            false
        ],
        [
            11.864720344543457,
            8.83491325378418,
            46.69882583618164,
            "H",
            NaN,
            NaN,
            false
        ],
        [
            2.6120550632476807,
            9.880002975463867,
            44.42107391357422,
            "H",
            NaN,
            NaN,
            false
        ],
        [
            14.12377643585205,
            10.797517776489258,
            44.6319694519043,
            "H",
            NaN,
            NaN,
            false
        ],
        [
            9.42253303527832,
            5.400890350341797,
            41.70530319213867,
            "H",
            NaN,
            NaN,
            false
        ],
        [
            1.8904236555099487,
            10.796658515930176,
            43.067222595214844,
            "H",
            NaN,
            NaN,
            false
        ],
        [
            9.666744232177734,
            5.953866958618164,
            44.11168670654297,
            "H",
            NaN,
            NaN,
            false
        ],
        [
            7.028289318084717,
            5.121507167816162,
            41.783668518066406,
            "H",
            NaN,
            NaN,
            false
        ],
        [
            4.075003623962402,
            0.8282660841941833,
            46.71691131591797,
            "H",
            NaN,
            NaN,
            false
        ],
        [
