{
    "properties": {
        "lattice_vector_a": [
            13.048713,
            0.0,
            0.0
        ],
        "lattice_vector_b": [
            4.683697,
            12.292178,
            0.0
        ],
        "lattice_vector_c": [
            0.0,
            0.0,
            91.077012
        ],
        "alpha": 90.0,
        "beta": 90.0,
        "gamma": 69.14162417026483,
        "a": 13.048713,
        "b": 13.154263855172323,
        "c": 91.077012,
        "energy": -70620.265307065,
        "hirshfeld_volumes": [
            0.6485247688104611,
            0.6150548722823055,
            0.7590929547040404,
            0.6219301414940865,
            0.7717026238558108,
            0.7405927917102969,
            0.7300775638967609,
            0.763664557232708,
            0.6862420401388669,
            0.6720269123868516,
            0.6529453516924493,
            0.6805983054529938,
            0.6152122103768158,
            0.6351317136328491,
            0.6147499466230854,
            0.6257144445189653,
            0.759485649201495,
            0.7717822803175712,
            0.7301556043152395,
            0.7632341962637632,
            0.6862976107217155,
            0.6725709702416836,
            0.648762233707687,
            0.7405887284870457,
            0.6151401909255643,
            0.6223007018265927,
            0.6156320027442987,
            0.6345857683841845,
            0.6150417549956679,
            0.6256635441806007,
            0.6537438901340613,
            0.680893473547399,
            0.8803272816890347,
            0.8732031602914287,
            0.8819783257278283,
            0.8712236185208381,
            0.847514374604299,
            0.8340847980533465,
            0.8435771980042243,
            0.8214986377947284,
            0.8542335591779877,
            0.8267798284026254,
            0.861382672675958,
            0.8503738154007973,
            0.8693729705346089,
            0.8600616187113226,
            0.8553672961025205,
            0.8150997015636582,
            0.8495391097670983,
            0.7793661362137401,
            0.8550931639596734,
            0.814921272221546,
            0.8805794010432703,
            0.8821888499677286,
            0.8480049944462245,
            0.8438617526338844,
            0.8545494868469437,
            0.8616366121237123,
            0.8692792820602511,
            0.8268528948816037,
            0.8503634976868951,
            0.8597785236489079,
            0.8731277076765633,
            0.8711611730599067,
            0.8340829430355239,
            0.821442226984825,
            0.8495356439329305,
            0.77957068490528,
            0.8827538409485154,
            0.9682608377678591,
            0.9330184228045505,
            0.9051624930797884,
            0.8942965522735034,
            0.9379421102711605,
            0.8791192104890078,
            0.9350229096533177,
            0.883339596944334,
            0.9054447275312608,
            0.9671933981733235,
            0.937349947558547,
            0.9322317243283719,
            0.8942954558916304,
            0.9350460078097568,
            0.8792149409790525
        ],
        "vdw_energy": -2.53809808,
        "Total Calculation Time": 127.945,
        "unit_cell_volume": 14608.488862575145,
        "ibslib": "Structure file was written using ibslib.",
        "mbd_energy": -3.37193826
    },
    "struct_id": "ASPIRIN.-111.1.0",
    "input_ref": null,
    "geometry": [
        [
            17.027538299560547,
            10.837841033935547,
            46.093528747558594,
            "H",
            NaN,
            NaN,
            false
        ],
        [
            3.764946222305298,
            9.760407447814941,
            43.85121154785156,
            "H",
            NaN,
            NaN,
            false
        ],
        [
            10.15030288696289,
            1.1393496990203857,
            46.552101135253906,
            "H",
            NaN,
            NaN,
            false
        ],
        [
            14.625065803527832,
            8.740230560302734,
            43.17350769042969,
            "H",
            NaN,
            NaN,
            false
        ],
        [
            10.390755653381348,
            2.735661029815674,
            44.665714263916016,
            "H",
            NaN,
            NaN,
            false
        ],
        [
            12.692950248718262,
            8.851203918457031,
            44.726009368896484,
            "H",
            NaN,
            NaN,
            false
        ],
        [
            3.335752487182617,
            6.366143703460693,
            46.192073822021484,
            "H",
            NaN,
            NaN,
            false
        ],
        [
            14.850688934326172,
            7.277411937713623,
            46.42741775512695,
            "H",
            NaN,
            NaN,
            false
        ],
        [
            2.620624542236328,
            6.557938575744629,
            47.81907272338867,
            "H",
            NaN,
            NaN,
            false
        ],
        [
            12.591461181640625,
            6.481985092163086,
            43.690372467041016,
            "H",
            NaN,
            NaN,
            false
        ],
        [
            12.951377868652344,
            3.5024101734161377,
            48.842689514160156,
            "H",
            NaN,
            NaN,
            false
        ],
        [
            11.424836158752441,
            1.5329698324203491,
            48.67173767089844,
            "H",
            NaN,
            NaN,
            false
        ],
        [
            15.642126083374023,
            10.403287887573242,
            51.07699203491211,
            "H",
            NaN,
            NaN,
            false
        ],
        [
            14.756464004516602,
            11.763650894165039,
            50.28862762451172,
            "H",
            NaN,
            NaN,
            false
        ],
        [
            16.520910263061523,
            11.677212715148926,
            50.18206787109375,
            "H",
            NaN,
            NaN,
            false
        ],
        [
            11.715052604675293,
            10.430072784423828,
            48.774288177490234,
            "H",
            NaN,
            NaN,
            false
        ],
        [
            10.296257019042969,
            8.639471054077148,
            44.526912689208984,
            "H",
            NaN,
            NaN,
            false
        ],
        [
            10.055817604064941,
            7.0431599617004395,
            46.413299560546875,
            "H",
            NaN,
            NaN,
            false
        ],
        [
            4.0583086013793945,
            3.413562297821045,
            44.88493728637695,
            "H",
            NaN,
            NaN,
            false
        ],
        [
            5.592098712921143,
            2.5022940635681152,
            44.649593353271484,
            "H",
            NaN,
            NaN,
            false
        ],
        [
            4.777227401733398,
            3.2208948135375977,
            43.25994110107422,
            "H",
            NaN,
            NaN,
            false
        ],
        [
            7.855091094970703,
            3.2968482971191406,
            47.388736724853516,
            "H",
            NaN,
            NaN,
            false
        ],
        [
            8.102720260620117,
            11.233158111572266,
            44.9854850769043,
            "H",
            NaN,
            NaN,
            false
        ],
        [
            7.749832630157471,
            0.9284896850585938,
            46.35100555419922,
            "H",
            NaN,
            NaN,
            false
        ],
        [
