{
    "properties": {
        "lattice_vector_a": [
            13.028999,
            0.0,
            0.0
        ],
        "lattice_vector_b": [
            -1.906852,
            13.015321,
            0.0
        ],
        "lattice_vector_c": [
            0.0,
            0.0,
            89.125448
        ],
        "alpha": 90.0,
        "beta": 90.0,
        "gamma": 98.3350063304045,
        "a": 13.028999,
        "b": 13.15426414828838,
        "c": 89.125448,
        "energy": -70620.310170588,
        "hirshfeld_volumes": [
            0.6546949175353364,
            0.6790996745496866,
            0.7581025251927505,
            0.7709406725134972,
            0.7407170149875603,
            0.7017562837790294,
            0.7618387328399607,
            0.6386816230467389,
            0.6872231522762359,
            0.6240749495146019,
            0.6725731541111184,
            0.6229651327958693,
            0.6463246645726545,
            0.6060530840771492,
            0.6210832262742346,
            0.6548065019069336,
            0.6788480029436108,
            0.6721449448515432,
            0.7580161362223182,
            0.7714471603770348,
            0.6548142987127668,
            0.6241657413989752,
            0.7019572560471488,
            0.6387898677965542,
            0.6229891473196362,
            0.7402545281233767,
            0.6463214525861318,
            0.6213833972687994,
            0.6060178205655387,
            0.7614843108302272,
            0.6871945107230728,
            0.654987022383521,
            0.8803787525905064,
            0.8731635977715677,
            0.8819535189949221,
            0.8714798551818294,
            0.8469031066061115,
            0.8422878219949205,
            0.8535782774231105,
            0.8609078147095818,
            0.8507451064191944,
            0.8695402703070827,
            0.8593917724472155,
            0.8454796806419801,
            0.7866440532301795,
            0.8343295091568252,
            0.8212431675878786,
            0.8272210770996762,
            0.8609635893598612,
            0.8092075476049612,
            0.8532146262304683,
            0.8607518210088042,
            0.8697027741667152,
            0.8801396454945261,
            0.8817297082066584,
            0.8467763657707476,
            0.8419270851010964,
            0.873178617639988,
            0.871395619373236,
            0.7868369898593932,
            0.8504645823228277,
            0.8591225579149756,
            0.8454852994251457,
            0.8273412868216028,
            0.8342204889131504,
            0.8211579326755516,
            0.8608982892400764,
            0.8092226381279342,
            0.8836490384424258,
            0.8778551304844059,
            0.9675852949596153,
            0.9323560700463908,
            0.9051504252536541,
            0.8940652834807852,
            0.9162634531690245,
            0.9695003254356254,
            0.8830281812810457,
            0.9052574385638013,
            0.968822308566277,
            0.8780031259389252,
            0.9314855127607038,
            0.8938532437349055,
            0.916243547144507,
            0.9695185402868671
        ],
        "vdw_energy": -2.55246351,
        "Total Calculation Time": 178.184,
        "unit_cell_volume": 15113.590827992866,
        "ibslib": "Structure file was written using ibslib.",
        "mbd_energy": -3.390346898
    },
    "struct_id": "ASPIRIN.111.1.0",
    "input_ref": null,
    "geometry": [
        [
            10.270883560180664,
            12.941511154174805,
            45.052913665771484,
            "H",
            NaN,
            NaN,
            false
        ],
        [
            10.05502700805664,
            10.500592231750488,
            44.570743560791016,
            "H",
            NaN,
            NaN,
            false
        ],
        [
            7.865469455718994,
            9.348917961120605,
            44.98063278198242,
            "H",
            NaN,
            NaN,
            false
        ],
        [
            5.935272693634033,
            10.660654067993164,
            45.8244743347168,
            "H",
            NaN,
            NaN,
            false
        ],
        [
            6.9247870445251465,
            4.114767551422119,
            45.76618576049805,
            "H",
            NaN,
            NaN,
            false
        ],
        [
            -0.11244937032461166,
            7.520083427429199,
            43.773162841796875,
            "H",
            NaN,
            NaN,
            false
        ],
        [
            9.894231796264648,
            3.8399362564086914,
            46.8310546875,
            "H",
            NaN,
            NaN,
            false
        ],
        [
            11.383476257324219,
            8.26204776763916,
            43.18644714355469,
            "H",
            NaN,
            NaN,
            false
        ],
        [
            11.656484603881836,
            3.713101863861084,
            46.82704544067383,
            "H",
            NaN,
            NaN,
            false
        ],
        [
            -0.8255931735038757,
            8.9352388381958,
            44.600868225097656,
            "H",
            NaN,
            NaN,
            false
        ],
        [
            6.866199970245361,
            1.8321667909622192,
            46.983726501464844,
            "H",
            NaN,
            NaN,
            false
        ],
        [
            9.122642517089844,
            5.5764665603637695,
            42.17790603637695,
            "H",
            NaN,
            NaN,
            false
        ],
        [
            9.484871864318848,
            7.926109313964844,
            47.646732330322266,
            "H",
            NaN,
            NaN,
            false
        ],
        [
            7.964619159698486,
            6.60898494720459,
            49.12541198730469,
            "H",
            NaN,
            NaN,
            false
        ],
        [
            6.687747478485107,
            4.670691013336182,
            48.1731071472168,
            "H",
            NaN,
            NaN,
            false
        ],
        [
            10.787878036499023,
            3.6628756523132324,
            48.38807678222656,
            "H",
            NaN,
            NaN,
            false
        ],
        [
            3.46404767036438,
            1.7151850461959839,
            44.55470275878906,
            "H",
            NaN,
            NaN,
            false
        ],
        [
            6.6488752365112305,
            10.382452011108398,
            42.1397590637207,
            "H",
            NaN,
            NaN,
            false
        ],
        [
            5.649593353271484,
            2.8657002449035645,
            44.142852783203125,
            "H",
            NaN,
            NaN,
            false
        ],
        [
            7.579802513122559,
            1.5539642572402954,
            43.299015045166016,
            "H",
            NaN,
            NaN,
            false
        ],
        [
            1.3413279056549072,
            12.289573669433594,
            44.072532653808594,
            "H",
            NaN,
            NaN,
            false
        ],
        [
            1.3156580924987793,
            3.280524730682373,
            44.52457809448242,
            "H",
            NaN,
            NaN,
            false
        ],
        [
            0.5985146760940552,
            4.694522380828857,
            45.35032653808594,
            "H",
            NaN,
            NaN,
            false
        ],
        [
            2.135587453842163,
            3.9537160396575928,
            45.93899917602539,
            "H",
            NaN,
            NaN,
            false
        ],
        [
