{
    "properties": {
        "lattice_vector_a": [
            11.28039,
            0.0,
            0.0
        ],
        "lattice_vector_b": [
            -1.584951,
            13.025363,
            0.0
        ],
        "lattice_vector_c": [
            0.0,
            0.0,
            87.101124
        ],
        "alpha": 90.0,
        "beta": 90.0,
        "gamma": 96.93775258685609,
        "a": 11.28039,
        "b": 13.121438600784977,
        "c": 87.101124,
        "energy": -70620.682028556,
        "hirshfeld_volumes": [
            0.7323902122831137,
            0.732070744244362,
            0.6906828135118565,
            0.690908592245351,
            0.7586557516812013,
            0.7587415909155172,
            0.772634870783948,
            0.7721132636697073,
            0.6833714397444669,
            0.6837003889724724,
            0.7623997350292019,
            0.7628861952120688,
            0.7217198463245349,
            0.7220569682291368,
            0.674742478151419,
            0.6750159693568043,
            0.6236213056633759,
            0.671988400708645,
            0.6225434078094618,
            0.7287526445812141,
            0.7414837983796865,
            0.6328895289545886,
            0.6329145233553454,
            0.6232121612925162,
            0.7285237181813276,
            0.7412643009089475,
            0.6718145122405254,
            0.6236494517505329,
            0.6225966206575225,
            0.6330382883516781,
            0.6331171498568241,
            0.6235271440071595,
            0.8808372638335707,
            0.880775839774198,
            0.8803403498261759,
            0.8803493256408712,
            0.8505435262934675,
            0.8503848160191605,
            0.8422380113411164,
            0.8423932415428856,
            0.8534466251560548,
            0.8535226395149126,
            0.8618229413433177,
            0.8617201773856751,
            0.8704478868722842,
            0.8702207558573342,
            0.8597871107292382,
            0.8600037276482401,
            0.8163668262244912,
            0.8168179345897688,
            0.8727269800371854,
            0.7863845414754481,
            0.8712009752142206,
            0.8430084095112007,
            0.8252112172724095,
            0.8277973716315068,
            0.8507415997504562,
            0.858869032454544,
            0.8497792659354314,
            0.8724810551798293,
            0.8711385233057255,
            0.8428958304809804,
            0.8252049252561282,
            0.8277870823943446,
            0.8505875123793627,
            0.8585953406265717,
            0.8497578764113163,
            0.7860969132384154,
            0.8846252512701365,
            0.885129344185677,
            0.9682640671801537,
            0.9672083560756317,
            0.9036501935747772,
            0.9036961717127464,
            0.951174375293725,
            0.9512762409469402,
            0.8781566202484339,
            0.931369157751684,
            0.8932122327192568,
            0.9220036867102931,
            0.8782941030614618,
            0.9308272587253501,
            0.8932732424729987,
            0.9222470508657846
        ],
        "vdw_energy": -2.99281998,
        "Total Calculation Time": 148.706,
        "unit_cell_volume": 12797.87045233992,
        "ibslib": "Structure file was written using ibslib.",
        "mbd_energy": -3.772964975
    },
    "struct_id": "ASPIRIN.0-11.1.0",
    "input_ref": null,
    "geometry": [
        [
            2.7771964073181152,
            9.061080932617188,
            45.065948486328125,
            "H",
            NaN,
            NaN,
            false
        ],
        [
            -0.19448576867580414,
            10.725292205810547,
            42.03517532348633,
            "H",
            NaN,
            NaN,
            false
        ],
        [
            3.7800731658935547,
            6.782749176025391,
            45.25661087036133,
            "H",
            NaN,
            NaN,
            false
        ],
        [
            -1.1973737478256226,
            13.003623962402344,
            41.844512939453125,
            "H",
            NaN,
            NaN,
            false
        ],
        [
            5.7802863121032715,
            6.194289684295654,
            43.867698669433594,
            "H",
            NaN,
            NaN,
            false
        ],
        [
            9.667740821838379,
            0.5667335391044617,
            43.23342514038086,
            "H",
            NaN,
            NaN,
            false
        ],
        [
            6.75989294052124,
            7.8966522216796875,
            42.35231018066406,
            "H",
            NaN,
            NaN,
            false
        ],
        [
            7.103183746337891,
            11.88973331451416,
            44.74881362915039,
            "H",
            NaN,
            NaN,
            false
        ],
        [
            1.5935394763946533,
            12.828615188598633,
            41.696006774902344,
            "H",
            NaN,
            NaN,
            false
        ],
        [
            0.9891599416732788,
            6.957757949829102,
            45.405120849609375,
            "H",
            NaN,
            NaN,
            false
        ],
        [
            4.575851917266846,
            0.2880689203739166,
            42.72562789916992,
            "H",
            NaN,
            NaN,
            false
        ],
        [
            -0.40764597058296204,
            6.469489574432373,
            44.37349319458008,
            "H",
            NaN,
            NaN,
            false
        ],
        [
            1.499219536781311,
            12.738544464111328,
            43.478267669677734,
            "H",
            NaN,
            NaN,
            false
        ],
        [
            1.0840466022491455,
            7.044376850128174,
            43.620853424072266,
            "H",
            NaN,
            NaN,
            false
        ],
        [
            6.0598273277282715,
            12.12501049041748,
            41.140037536621094,
            "H",
            NaN,
            NaN,
            false
        ],
        [
            7.803260803222656,
            7.661375045776367,
            45.96108627319336,
            "H",
            NaN,
            NaN,
            false
        ],
        [
            -0.40693143010139465,
            3.454169988632202,
            47.10115051269531,
            "H",
            NaN,
            NaN,
            false
        ],
        [
            1.871142864227295,
            2.01735520362854,
            41.04170227050781,
            "H",
            NaN,
            NaN,
            false
        ],
        [
            8.87218952178955,
            4.947384357452393,
            46.91249084472656,
            "H",
            NaN,
            NaN,
            false
        ],
        [
            0.6016919016838074,
            2.480419874191284,
            45.031803131103516,
            "H",
            NaN,
            NaN,
            false
        ],
        [
            7.8979105949401855,
            5.411947250366211,
            44.67852020263672,
            "H",
            NaN,
            NaN,
            false
        ],
        [
            2.383373260498047,
            3.242351531982422,
            47.022850036621094,
            "H",
            NaN,
            NaN,
            false
        ],
        [
            3.7876925468444824,
            4.364616870880127,
            46.92851638793945,
            "H",
            NaN,
            NaN,
            false
        ],
        [
            6.841240882873535,
            2.4128053188323975,
            46.6896858215332,
            "H",
            NaN,
            NaN,
            false
        ],
        [
