{
    "properties": {
        "lattice_vector_a": [
            17.120185,
            0.0,
            0.0
        ],
        "lattice_vector_b": [
            0.020102,
            6.539439,
            0.0
        ],
        "lattice_vector_c": [
            0.0,
            0.0,
            87.371067
        ],
        "alpha": 90.0,
        "beta": 90.0,
        "gamma": 89.82387539175218,
        "a": 17.120185,
        "b": 6.539469896339075,
        "c": 87.371067,
        "energy": -70622.730445269,
        "hirshfeld_volumes": [
            0.7533287122334491,
            0.7040914884311879,
            0.7527239974804398,
            0.7039899611150138,
            0.7465940196921406,
            0.7066289296440331,
            0.7463569447357066,
            0.7067439320275714,
            0.7593677433670607,
            0.7132840260237038,
            0.7593827982976331,
            0.7133819745276102,
            0.7542932116870823,
            0.7686714452403206,
            0.7544086824015716,
            0.7687385251065414,
            0.7175018949690356,
            0.6685498656209258,
            0.7175078355360993,
            0.6685581478427447,
            0.6386068750149463,
            0.75791111551905,
            0.6385468271480055,
            0.7579923136539412,
            0.669135966731136,
            0.6884404971783286,
            0.6692843020173642,
            0.6885246882092975,
            0.6520474818641225,
            0.8037244169632667,
            0.6516877423885906,
            0.8035343831373601,
            0.870013923384982,
            0.8764071511042907,
            0.86997650468007,
            0.8763753541376781,
            0.8740668563209666,
            0.8766462960797079,
            0.8739170216554679,
            0.8766740437076329,
            0.8502992095659718,
            0.8495162727649198,
            0.8498306411980405,
            0.849396508193541,
            0.8453269034695717,
            0.8410698355607215,
            0.8451520184069865,
            0.841247911898718,
            0.8458355472073312,
            0.8443435266869839,
            0.8457951722944369,
            0.8443841608456709,
            0.8481314201569097,
            0.8584911020573681,
            0.8481271199005322,
            0.8584545564600484,
            0.8564125915263511,
            0.857135636907665,
            0.8563530286637161,
            0.8572829801270687,
            0.8491197908462758,
            0.8518829778439864,
            0.849046176861675,
            0.8518697909642124,
            0.7943919081845515,
            0.807086107851208,
            0.794396141010158,
            0.8073168543375348,
            0.8820502764327782,
            0.8927949382553485,
            0.8817553221722879,
            0.8926506822764061,
            0.9327138688480618,
            0.8987094791451679,
            0.9327926685415238,
            0.899226004217759,
            0.9056810397653232,
            0.8954790302020739,
            0.9056060464826533,
            0.8956792427496801,
            0.9053666022736344,
            0.9430257368917286,
            0.9052731386844408,
            0.942895545357069
        ],
        "vdw_energy": -3.58757633,
        "Total Calculation Time": 165.457,
        "unit_cell_volume": 9781.75060394156,
        "ibslib": "Structure file was written using ibslib.",
        "mbd_energy": -4.280765172
    },
    "struct_id": "ASPIRIN.101.1.0",
    "input_ref": null,
    "geometry": [
        [
            14.538244247436523,
            1.499892234802246,
            42.68382263183594,
            "H",
            NaN,
            NaN,
            false
        ],
        [
            3.9245026111602783,
            4.775712966918945,
            40.97755432128906,
            "H",
            NaN,
            NaN,
            false
        ],
        [
            16.724184036254883,
            4.964009761810303,
            44.691261291503906,
            "H",
            NaN,
            NaN,
            false
        ],
        [
            10.213168144226074,
            1.6881954669952393,
            46.39351272583008,
            "H",
            NaN,
            NaN,
            false
        ],
        [
            12.540580749511719,
            0.19849812984466553,
            43.43058395385742,
            "H",
            NaN,
            NaN,
            false
        ],
        [
            5.917191505432129,
            3.467609405517578,
            40.2288703918457,
            "H",
            NaN,
            NaN,
            false
        ],
        [
            1.5971072912216187,
            6.265403747558594,
            43.94048309326172,
            "H",
            NaN,
            NaN,
            false
        ],
        [
            8.222756385803223,
            2.996285915374756,
            47.144203186035156,
            "H",
            NaN,
            NaN,
            false
        ],
        [
            10.241852760314941,
            1.111698031425476,
            43.013038635253906,
            "H",
            NaN,
            NaN,
            false
        ],
        [
            8.216442108154297,
            4.372994899749756,
            40.63838195800781,
            "H",
            NaN,
            NaN,
            false
        ],
        [
            3.895817995071411,
            5.352203845977783,
            44.358028411865234,
            "H",
            NaN,
            NaN,
            false
        ],
        [
            5.9212117195129395,
            2.090907096862793,
            46.73268508911133,
            "H",
            NaN,
            NaN,
            false
        ],
        [
            9.98611068725586,
            3.2779200077056885,
            41.83073425292969,
            "H",
            NaN,
            NaN,
            false
        ],
        [
            8.485118865966797,
            6.537189483642578,
            41.822696685791016,
            "H",
            NaN,
            NaN,
            false
        ],
        [
            4.151560306549072,
            3.1859819889068604,
            45.54033279418945,
            "H",
            NaN,
            NaN,
            false
        ],
        [
            5.672670841217041,
            6.466151714324951,
            45.548370361328125,
            "H",
            NaN,
            NaN,
            false
        ],
        [
            16.473011016845703,
            6.305497169494629,
            42.27029800415039,
            "H",
            NaN,
            NaN,
            false
        ],
        [
            1.9831538200378418,
            3.0418593883514404,
            41.38103485107422,
            "H",
            NaN,
            NaN,
            false
        ],
        [
            14.784862518310547,
            0.15840482711791992,
            45.10076904296875,
            "H",
            NaN,
            NaN,
            false
        ],
        [
            12.156810760498047,
            3.4220426082611084,
            45.992042541503906,
            "H",
            NaN,
            NaN,
            false
        ],
        [
            16.028491973876953,
            5.661885738372803,
            40.646331787109375,
            "H",
            NaN,
            NaN,
            false
        ],
        [
            2.4148147106170654,
            2.3933889865875244,
            43.005001068115234,
            "H",
            NaN,
            NaN,
            false
        ],
        [
            15.22938060760498,
            0.8020229339599609,
            46.724735260009766,
            "H",
            NaN,
            NaN,
            false
        ],
        [
            11.722856521606445,
            4.07051944732666,
            44.366065979003906,
            "H",
            NaN,
            NaN,
            false
        ],
        [
