{
    "properties": {
        "lattice_vector_a": [
            13.048713,
            0.0,
            0.0
        ],
        "lattice_vector_b": [
            1.890621,
            12.984518,
            0.0
        ],
        "lattice_vector_c": [
            0.0,
            0.0,
            89.129484
        ],
        "alpha": 90.0,
        "beta": 90.0,
        "gamma": 81.71562122800545,
        "a": 13.048713,
        "b": 13.121438772404685,
        "c": 89.129484,
        "energy": -70620.323005201,
        "hirshfeld_volumes": [
            0.6558137641974062,
            0.6795688929175401,
            0.7583494431391729,
            0.7414210932873496,
            0.7713561815622817,
            0.7011538664606854,
            0.6381237715388959,
            0.7623126807474186,
            0.6240511430262574,
            0.6864570321854567,
            0.6234974793619187,
            0.6722891435493711,
            0.6465301201548782,
            0.6056067043806748,
            0.6211117391871366,
            0.6550191884788416,
            0.6729352191613729,
            0.6553377278957074,
            0.67951033747863,
            0.7581605479805787,
            0.7713464601775404,
            0.6242763408685723,
            0.7415513606468868,
            0.7014587870948954,
            0.638799545966208,
            0.6235944349238088,
            0.605496064710996,
            0.6211056880698484,
            0.6464767002763971,
            0.7620606141755407,
            0.6861725362077236,
            0.654581410594835,
            0.8730351956139426,
            0.8802918813402273,
            0.8711719378048959,
            0.8820930872583804,
            0.8477181863930312,
            0.842285674687541,
            0.8534735260039398,
            0.8508138331504674,
            0.8606940097343233,
            0.8590072244317887,
            0.8690953223203264,
            0.8454981574791679,
            0.7865124831695617,
            0.8342637174103041,
            0.8208203011637474,
            0.8271178043217936,
            0.8610865599823182,
            0.8092586206380191,
            0.8803586224905117,
            0.8819505708463943,
            0.8472066090137623,
            0.8421252536596504,
            0.853396899663822,
            0.8606689926496496,
            0.8696093347295074,
            0.8507461423277713,
            0.859311100529489,
            0.8730433552745255,
            0.8711988574581749,
            0.8455660629520073,
            0.7868573171473794,
            0.8270398401121964,
            0.8342242747076697,
            0.8207161945009522,
            0.8608243851151066,
            0.8088424392629098,
            0.8783007160912293,
            0.8837401063440258,
            0.9311482609517779,
            0.9659935420836964,
            0.8937800267772716,
            0.9050691904740229,
            0.9162049361165735,
            0.9698101863379113,
            0.8840351292342933,
            0.9671292839812641,
            0.9051297651488684,
            0.8781988974621207,
            0.8938199752385798,
            0.9319711870538739,
            0.9161755426608169,
            0.9693814074009749
        ],
        "vdw_energy": -2.55723506,
        "Total Calculation Time": 114.214,
        "unit_cell_volume": 15101.31978127762,
        "ibslib": "Structure file was written using ibslib.",
        "mbd_energy": -3.394984099
    },
    "struct_id": "ASPIRIN.1-11.1.0",
    "input_ref": null,
    "geometry": [
        [
            12.935628890991211,
            6.749456405639648,
            45.057003021240234,
            "H",
            NaN,
            NaN,
            false
        ],
        [
            12.718552589416504,
            9.190091133117676,
            44.56875228881836,
            "H",
            NaN,
            NaN,
            false
        ],
        [
            10.533629417419434,
            10.343856811523438,
            44.978660583496094,
            "H",
            NaN,
            NaN,
            false
        ],
        [
            7.695448875427246,
            2.574037790298462,
            45.7621955871582,
            "H",
            NaN,
            NaN,
            false
        ],
        [
            8.600326538085938,
            9.036665916442871,
            45.82244873046875,
            "H",
            NaN,
            NaN,
            false
        ],
        [
            2.5293655395507812,
            12.157066345214844,
            43.77719497680664,
            "H",
            NaN,
            NaN,
            false
        ],
        [
            14.044757843017578,
            11.421181678771973,
            43.19045639038086,
            "H",
            NaN,
            NaN,
            false
        ],
        [
            10.665842056274414,
            2.839818000793457,
            46.83905792236328,
            "H",
            NaN,
            NaN,
            false
        ],
        [
            1.812604546546936,
            10.741961479187012,
            44.600929260253906,
            "H",
            NaN,
            NaN,
            false
        ],
        [
            12.428298950195312,
            2.9775187969207764,
            46.84307098388672,
            "H",
            NaN,
            NaN,
            false
        ],
        [
            9.892413139343262,
            1.1030088663101196,
            42.17990493774414,
            "H",
            NaN,
            NaN,
            false
        ],
        [
            7.622530937194824,
            4.852171421051025,
            46.99378967285156,
            "H",
            NaN,
            NaN,
            false
        ],
        [
            12.144542694091797,
            11.759961128234863,
            47.658782958984375,
            "H",
            NaN,
            NaN,
            false
        ],
        [
            8.726187705993652,
            0.0960984155535698,
            49.12950897216797,
            "H",
            NaN,
            NaN,
            false
        ],
        [
            7.453730583190918,
            2.026182174682617,
            48.17110061645508,
            "H",
            NaN,
            NaN,
            false
        ],
        [
            11.547598838806152,
            3.0284829139709473,
            48.39820098876953,
            "H",
            NaN,
            NaN,
            false
        ],
        [
            9.322904586791992,
            9.29507064819336,
            42.13774490356445,
            "H",
            NaN,
            NaN,
            false
        ],
        [
            4.009817600250244,
            7.397773265838623,
            44.07453155517578,
            "H",
            NaN,
            NaN,
            false
        ],
        [
            4.222873687744141,
            4.958293914794922,
            44.56072998046875,
            "H",
            NaN,
            NaN,
            false
        ],
        [
            6.407809734344482,
            3.8045287132263184,
            44.15082550048828,
            "H",
            NaN,
            NaN,
            false
        ],
        [
            8.341126441955566,
            5.111719131469727,
            43.307037353515625,
            "H",
            NaN,
            NaN,
            false
        ],
        [
            2.080134868621826,
            3.406423330307007,
            44.52855682373047,
            "H",
            NaN,
            NaN,
            false
        ],
        [
            9.246001243591309,
            11.574334144592285,
            43.367286682128906,
            "H",
            NaN,
            NaN,
            false
        ],
        [
            1.363396167755127,
            1.9912927150726318,
            45.352291107177734,
            "H",
            NaN,
            NaN,
            false
        ],
        [
