{
    "properties": {
        "lattice_vector_a": [
            11.28039,
            0.0,
            0.0
        ],
        "lattice_vector_b": [
            1.607739,
            13.055644,
            0.0
        ],
        "lattice_vector_c": [
            0.0,
            0.0,
            87.093067
        ],
        "alpha": 90.0,
        "beta": 90.0,
        "gamma": 82.97964853580825,
        "a": 11.28039,
        "b": 13.15426413551351,
        "c": 87.093067,
        "energy": -70620.684120183,
        "hirshfeld_volumes": [
            0.7327422001779045,
            0.7327416343617554,
            0.6904631964458746,
            0.6904632235809297,
            0.7585942817363728,
            0.7585942747013584,
            0.7716085797848331,
            0.7716080049236658,
            0.6834966207886752,
            0.6834968509341426,
            0.762178446644826,
            0.7621784788048913,
            0.7218316377265526,
            0.7218312176356995,
            0.6746374815681998,
            0.6746403809990876,
            0.7403776991635032,
            0.7274439791636746,
            0.623534089576264,
            0.6232484579462247,
            0.7403790860663195,
            0.6718791479417827,
            0.7274438846934828,
            0.6332184982826349,
            0.633212895396257,
            0.6240261144554313,
            0.6332103708311303,
            0.6332197203651166,
            0.6718791891468664,
            0.6235334021548681,
            0.6232488951221125,
            0.6240222853976555,
            0.8806321958444999,
            0.8806325303118698,
            0.8801647171148435,
            0.8801641634303058,
            0.8505341966687113,
            0.8505337372797935,
            0.8422472748783442,
            0.8422471666130028,
            0.8536114332137851,
            0.853611790247628,
            0.8617494262213614,
            0.8617494541608044,
            0.8702438147631654,
            0.8702457460771591,
            0.8600597760513307,
            0.8600597634248516,
            0.8169075210703348,
            0.816907766883703,
            0.8283257680181325,
            0.872634270786573,
            0.8502515655622386,
            0.8588052236025266,
            0.8249749508655613,
            0.8711782918789784,
            0.8425761962688098,
            0.8491167271788973,
            0.8711784162632292,
            0.8425748565187907,
            0.8249743673610413,
            0.8283261078584723,
            0.8502529238490033,
            0.7864773992886754,
            0.8726346982063204,
            0.8588065851130733,
            0.8491159440685493,
            0.7864773871994933,
            0.8843567499759973,
            0.8843596375103276,
            0.9682663281500364,
            0.9682683243445441,
            0.9037189762862498,
            0.9037189809462963,
            0.9508017308545044,
            0.9508006238816163,
            0.8784765951464065,
            0.9311420512278618,
            0.893619630938747,
            0.9202392659749457,
            0.9202359226033298,
            0.8784788802638035,
            0.9311437801051509,
            0.8936203481622828
        ],
        "vdw_energy": -2.9842149,
        "Total Calculation Time": 171.458,
        "unit_cell_volume": 12826.436007425542,
        "ibslib": "Structure file was written using ibslib.",
        "mbd_energy": -3.764608483
    },
    "struct_id": "ASPIRIN.011.1.0",
    "input_ref": null,
    "geometry": [
        [
            2.3073883056640625,
            8.777766227722168,
            42.029197692871094,
            "H",
            NaN,
            NaN,
            false
        ],
        [
            5.271608352661133,
            10.453301429748535,
            45.06386947631836,
            "H",
            NaN,
            NaN,
            false
        ],
        [
            1.2984930276870728,
            6.496501445770264,
            41.84656524658203,
            "H",
            NaN,
            NaN,
            false
        ],
        [
            6.280505657196045,
            12.734580039978027,
            45.24650192260742,
            "H",
            NaN,
            NaN,
            false
        ],
        [
            10.577204704284668,
            5.915499210357666,
            43.23744201660156,
            "H",
            NaN,
            NaN,
            false
        ],
        [
            6.674454689025879,
            0.25992482900619507,
            43.85562515258789,
            "H",
            NaN,
            NaN,
            false
        ],
        [
            9.603532791137695,
            7.626689434051514,
            44.7487678527832,
            "H",
            NaN,
            NaN,
            false
        ],
        [
            9.255855560302734,
            11.604392051696777,
            42.34429931640625,
            "H",
            NaN,
            NaN,
            false
        ],
        [
            3.4897310733795166,
            12.558563232421875,
            45.39308166503906,
            "H",
            NaN,
            NaN,
            false
        ],
        [
            4.089256286621094,
            6.672517776489258,
            41.69998550415039,
            "H",
            NaN,
            NaN,
            false
        ],
        [
            2.086238384246826,
            13.03958511352539,
            44.369476318359375,
            "H",
            NaN,
            NaN,
            false
        ],
        [
            5.492748737335205,
            6.191495418548584,
            42.72359085083008,
            "H",
            NaN,
            NaN,
            false
        ],
        [
            3.5773751735687256,
            12.473519325256348,
            43.60871887207031,
            "H",
            NaN,
            NaN,
            false
        ],
        [
            4.001610279083252,
            6.757549285888672,
            43.48434829711914,
            "H",
            NaN,
            NaN,
            false
        ],
        [
            10.312329292297363,
            11.857566833496094,
            45.946990966796875,
            "H",
            NaN,
            NaN,
            false
        ],
        [
            8.547057151794434,
            7.373501300811768,
            41.14607620239258,
            "H",
            NaN,
            NaN,
            false
        ],
        [
            8.797706604003906,
            1.0570502281188965,
            44.68257522583008,
            "H",
            NaN,
            NaN,
            false
        ],
        [
            1.4997937679290771,
            3.989086627960205,
            45.0217170715332,
            "H",
            NaN,
            NaN,
            false
        ],
        [
            0.4970363676548004,
            3.0227863788604736,
            47.09305191040039,
            "H",
            NaN,
            NaN,
            false
        ],
        [
            9.776876449584961,
            1.5232019424438477,
            46.91442108154297,
            "H",
            NaN,
            NaN,
            false
        ],
        [
            8.453943252563477,
            5.118386745452881,
            42.410491943359375,
            "H",
            NaN,
            NaN,
            false
        ],
        [
            3.192944288253784,
            1.7327189445495605,
            46.05342102050781,
            "H",
            NaN,
            NaN,
            false
        ],
        [
            4.471465587615967,
            2.1863503456115723,
            42.07135009765625,
            "H",
            NaN,
            NaN,
            false
        ],
        [
            3.2874488830566406,
            3.235619306564331,
            47.01675796508789,
            "H",
            NaN,
            NaN,
            false
        ],
        [
            4.684593200683594,
