{
    "properties": {
        "lattice_vector_a": [
            6.53947,
            0.0,
            0.0
        ],
        "lattice_vector_b": [
            -0.032973,
            11.394632,
            0.0
        ],
        "lattice_vector_c": [
            0.0,
            0.0,
            90.127021
        ],
        "alpha": 90.0,
        "beta": 90.0,
        "gamma": 90.16579811131137,
        "a": 6.53947,
        "b": 11.394679707396474,
        "c": 90.127021,
        "energy": -70624.403692035,
        "hirshfeld_volumes": [
            0.6980803621842435,
            0.697803625827268,
            0.7405249088474455,
            0.7404698869957113,
            0.7605315447754213,
            0.761019160710635,
            0.7724047906417185,
            0.7722918495173661,
            0.6544124345766912,
            0.6540817728252081,
            0.7575851390870816,
            0.7579707633951784,
            0.6766104151446852,
            0.6760515505947851,
            0.8029693760149861,
            0.803248236946276,
            0.6978274815607124,
            0.740513465894208,
            0.7610120724312408,
            0.7723362766375853,
            0.6541334982702482,
            0.7580101665101954,
            0.6760551364420669,
            0.8032616336234809,
            0.6980231534480683,
            0.7405682465454524,
            0.760587538464129,
            0.7724215309607135,
            0.6544912528667495,
            0.7576465768718448,
            0.6766384155065464,
            0.8030988283178682,
            0.872850952449861,
            0.8729628407848138,
            0.8717049275434015,
            0.8718214409307559,
            0.8435984572338218,
            0.8435553077193239,
            0.8435256373741571,
            0.8435317561121624,
            0.848177260991979,
            0.8484402289095325,
            0.8561176420806722,
            0.8560818761012702,
            0.8563109741604631,
            0.8564166647747545,
            0.8480160350932128,
            0.8479384279174585,
            0.8042525489188725,
            0.8042342488523909,
            0.8729705080127148,
            0.8718282839450899,
            0.843572217798519,
            0.843578208659843,
            0.8483966817952697,
            0.8560826973597037,
            0.8564293428342885,
            0.8479394546919868,
            0.8042471689642143,
            0.8728725722057319,
            0.8717690157898483,
            0.8436353270898687,
            0.8435716318761626,
            0.8482884312295182,
            0.8561913436446807,
            0.8562252957094791,
            0.8480647222590322,
            0.8043720507520282,
            0.8920467059220181,
            0.892195109766076,
            0.8987518071957268,
            0.8988469106976833,
            0.893660036931903,
            0.8938552628060056,
            0.9269686981992397,
            0.9271014387793901,
            0.8922005671042864,
            0.8988569840238725,
            0.8938565481315862,
            0.9271099437880778,
            0.8921275496813753,
            0.8985343503574935,
            0.8936916633972627,
            0.9269653679604823
        ],
        "vdw_energy": -4.33676226,
        "Total Calculation Time": 231.184,
        "unit_cell_volume": 6715.801822539418,
        "ibslib": "Structure file was written using ibslib.",
        "mbd_energy": -4.898901162
    },
    "struct_id": "ASPIRIN.100.1.1",
    "input_ref": null,
    "geometry": [
        [
            1.590476632118225,
            4.398043155670166,
            49.178260803222656,
            "H",
            NaN,
            NaN,
            false
        ],
        [
            1.7654824256896973,
            10.096418380737305,
            49.16816711425781,
            "H",
            NaN,
            NaN,
            false
        ],
        [
            0.282955527305603,
            6.395727157592773,
            48.44651794433594,
            "H",
            NaN,
            NaN,
            false
        ],
        [
            3.1004276275634766,
            0.7030259966850281,
            48.43651580810547,
            "H",
            NaN,
            NaN,
            false
        ],
        [
            1.1890889406204224,
            7.867492198944092,
            46.62937545776367,
            "H",
            NaN,
            NaN,
            false
        ],
        [
            2.187974691390991,
            2.176671028137207,
            46.62541198730469,
            "H",
            NaN,
            NaN,
            false
        ],
        [
            3.3545048236846924,
            7.295299053192139,
            45.560020446777344,
            "H",
            NaN,
            NaN,
            false
        ],
        [
            0.022973572835326195,
            1.6021080017089844,
            45.560020446777344,
            "H",
            NaN,
            NaN,
            false
        ],
        [
            6.402011871337891,
            2.6729414463043213,
            50.1190071105957,
            "H",
            NaN,
            NaN,
            false
        ],
        [
            3.5052943229675293,
            8.365699768066406,
            50.12702560424805,
            "H",
            NaN,
            NaN,
            false
        ],
        [
            5.757040500640869,
            1.9485960006713867,
            48.601356506347656,
            "H",
            NaN,
            NaN,
            false
        ],
        [
            4.152442932128906,
            7.634881973266602,
            48.613433837890625,
            "H",
            NaN,
            NaN,
            false
        ],
        [
            4.8174238204956055,
            1.8465912342071533,
            50.09286880493164,
            "H",
            NaN,
            NaN,
            false
        ],
        [
            5.0942702293396,
            7.546699047088623,
            50.10494613647461,
            "H",
            NaN,
            NaN,
            false
        ],
        [
            6.520206928253174,
            4.175448894500732,
            45.829410552978516,
            "H",
            NaN,
            NaN,
            false
        ],
        [
            3.367562770843506,
            9.87208080291748,
            45.829410552978516,
            "H",
            NaN,
            NaN,
            false
        ],
        [
            4.833662033081055,
            11.335710525512695,
            40.95885467529297,
            "H",
            NaN,
            NaN,
            false
        ],
        [
            3.531682252883911,
            9.33476734161377,
            41.68852233886719,
            "H",
            NaN,
            NaN,
            false
        ],
        [
            4.444141864776611,
            7.8611226081848145,
            43.49962615966797,
            "H",
            NaN,
            NaN,
            false
        ],
        [
            0.06967364251613617,
            8.435378074645996,
            44.56700134277344,
            "H",
            NaN,
            NaN,
            false
        ],
        [
            3.1268229484558105,
            1.6717976331710815,
            39.99999237060547,
            "H",
            NaN,
            NaN,
            false
        ],
        [
            2.4796810150146484,
            2.4026150703430176,
            41.513587951660156,
            "H",
            NaN,
            NaN,
            false
        ],
        [
            1.5378532409667969,
            2.4907867908477783,
            40.02207565307617,
            "H",
            NaN,
            NaN,
            false
        ],
        [
            3.2645609378814697,
            0.16542726755142212,
            44.297611236572266,
            "H",
            NaN,
            NaN,
            false
        ],
        [
