{
    "properties": {
        "lattice_vector_a": [
            6.59576,
            0.0,
            0.0
        ],
        "lattice_vector_b": [
            -1.545044,
            7.232849,
            0.0
        ],
        "lattice_vector_c": [
            0.0,
            0.0,
            90.959731
        ],
        "alpha": 90.0,
        "beta": 90.0,
        "gamma": 102.05800219337623,
        "a": 6.59576,
        "b": 7.396030396012241,
        "c": 90.959731,
        "energy": -65150.793139269,
        "hirshfeld_volumes": [
            0.787341837489753,
            0.8209256700942813,
            0.8204830169453745,
            0.7228304660398982,
            0.8251129789375541,
            0.8255330496906024,
            0.7359134911529243,
            0.822755511480186,
            0.8232301478140419,
            0.780697230316383,
            0.8136038382756544,
            0.8137330383230242,
            0.7881407136120506,
            0.7233109474656237,
            0.7364776570885901,
            0.7811397015599204,
            0.8476745089842508,
            0.8696610307584135,
            0.869699467103805,
            0.8457511160912858,
            0.8689129124135397,
            0.8690735604494044,
            0.8479875973073173,
            0.8458789645643734,
            0.8762551087486045,
            0.8898247914378149,
            0.8899606476522944,
            0.8954295843964722,
            0.8906382124255855,
            0.8954729225597513,
            0.8900686812373292,
            0.8866289685722105,
            0.8871230772149518,
            0.8937528473236012,
            0.8865812859102439,
            0.8866630876896057,
            0.8762093587459167,
            0.8907093647402464,
            0.8899848165756384,
            0.8936497483104502,
            0.9449157958725659,
            0.9196582543302078,
            0.920028534431239,
            0.9452684432045398,
            0.9166765273252745,
            0.9175516641658484,
            0.93737629588567,
            0.9249031609272329,
            0.9252932585118963,
            0.9285688594937894,
            0.9271809645928406,
            0.9278351207526696,
            0.9449873559718126,
            0.9452477445484597,
            0.937300428632442,
            0.9266723709195644
        ],
        "vdw_energy": -2.75406588,
        "Total Calculation Time": 85.905,
        "unit_cell_volume": 4339.3373085464145,
        "ibslib": "Structure file was written using ibslib.",
        "mbd_energy": -3.236877526
    },
    "struct_id": "HOJCOB.001.1.0",
    "input_ref": null,
    "geometry": [
        [
            3.4398865699768066,
            5.57973051071167,
            42.45136260986328,
            "H",
            NaN,
            NaN,
            false
        ],
        [
            4.468874931335449,
            5.411125659942627,
            47.97543716430664,
            "H",
            NaN,
            NaN,
            false
        ],
        [
            1.926609754562378,
            1.7891536951065063,
            42.994300842285156,
            "H",
            NaN,
            NaN,
            false
        ],
        [
            4.362726211547852,
            2.8475871086120605,
            40.54693603515625,
            "H",
            NaN,
            NaN,
            false
        ],
        [
            5.080670356750488,
            0.9059143662452698,
            46.067100524902344,
            "H",
            NaN,
            NaN,
            false
        ],
        [
            1.0053191184997559,
            4.5223822593688965,
            44.89872360229492,
            "H",
            NaN,
            NaN,
            false
        ],
        [
            2.2269418239593506,
            6.0027947425842285,
            41.22267532348633,
            "H",
            NaN,
            NaN,
            false
        ],
        [
            -0.9194749593734741,
            4.986058712005615,
            46.74275207519531,
            "H",
            NaN,
            NaN,
            false
        ],
        [
            3.1407358646392822,
            1.3669506311416626,
            44.2189826965332,
            "H",
            NaN,
            NaN,
            false
        ],
        [
            4.791985988616943,
            4.017507553100586,
            41.83401870727539,
            "H",
            NaN,
            NaN,
            false
        ],
        [
            3.114468812942505,
            6.975316047668457,
            47.364097595214844,
            "H",
            NaN,
            NaN,
            false
        ],
        [
            0.5746530890464783,
            3.35166597366333,
            43.61373519897461,
            "H",
            NaN,
            NaN,
            false
        ],
        [
            0.938793957233429,
            1.9771716594696045,
            48.496273040771484,
            "H",
            NaN,
            NaN,
            false
        ],
        [
            0.32608115673065186,
            6.482014179229736,
            50.4026985168457,
            "H",
            NaN,
            NaN,
            false
        ],
        [
            -0.26871296763420105,
            2.40238356590271,
            49.72904968261719,
            "H",
            NaN,
            NaN,
            false
        ],
        [
            2.2930681705474854,
            0.41298121213912964,
            49.10761260986328,
            "H",
            NaN,
            NaN,
            false
        ],
        [
            2.5119094848632812,
            5.252588748931885,
            41.96672821044922,
            "C",
            NaN,
            NaN,
            false
        ],
        [
            -1.201141595840454,
            5.737978458404541,
            47.48680114746094,
            "C",
            NaN,
            NaN,
            false
        ],
        [
            2.8550498485565186,
            2.1165051460266113,
            43.47492980957031,
            "C",
            NaN,
            NaN,
            false
        ],
        [
            4.0530686378479,
            3.2794315814971924,
            41.50419616699219,
            "C",
            NaN,
            NaN,
            false
        ],
        [
            5.396676063537598,
            0.47850358486175537,
            47.024269104003906,
            "C",
            NaN,
            NaN,
            false
        ],
        [
            1.3139880895614624,
            4.089886665344238,
            43.941463470458984,
            "C",
            NaN,
            NaN,
            false
        ],
        [
            0.01290313433855772,
            1.6503914594650269,
            48.98500061035156,
            "C",
            NaN,
            NaN,
            false
        ],
        [
            0.010590332560241222,
            6.909793853759766,
            49.445438385009766,
            "C",
            NaN,
            NaN,
            false
        ],
        [
            2.7936315536499023,
            3.9597244262695312,
            41.35138702392578,
            "N",
            NaN,
            NaN,
            false
        ],
        [
            -1.4865050315856934,
            7.028745174407959,
            46.867454528808594,
            "N",
            NaN,
            NaN,
            false
        ],
        [
            2.5737173557281494,
            3.409738540649414,
            44.0922737121582,
            "N",
            NaN,
            NaN,
            false
        ],
        [
            1.427731990814209,
            5.1835150718688965,
            42.939998626708984,
            "N",
            NaN,
            NaN,
            false
        ],
        [
            3.9386825561523438,
            2.185072660446167,
            42.503662109375,
            "N",
            NaN,
            NaN,
            false
        ],
