{
    "properties": {
        "lattice_vector_a": [
            14.868461,
            0.0,
            0.0
        ],
        "lattice_vector_b": [
            -0.005858,
            6.539467,
            0.0
        ],
        "lattice_vector_c": [
            0.0,
            0.0,
            91.416802
        ],
        "alpha": 90.0,
        "beta": 90.0,
        "gamma": 90.05132506771741,
        "a": 14.868461,
        "b": 6.539469623773246,
        "c": 91.416802,
        "energy": -70622.379675077,
        "hirshfeld_volumes": [
            0.7569239904544705,
            0.6922994045197083,
            0.7114100348981431,
            0.7406286552081258,
            0.7147743817402064,
            0.7339018187677709,
            0.7351232017680639,
            0.7608815739212342,
            0.7230262464674743,
            0.6858576791183354,
            0.7956463552789448,
            0.6421181461203723,
            0.6867691657193141,
            0.6258808145668171,
            0.6333644778440793,
            0.6018806954941753,
            0.7337842023739244,
            0.6920034806637682,
            0.7406824157822988,
            0.7958689129808982,
            0.7149649090221148,
            0.760771142286978,
            0.7230160024816716,
            0.7114206838997683,
            0.6858420201815364,
            0.7570321357090838,
            0.7351220208906658,
            0.6867592785092358,
            0.6421144446978557,
            0.633721165128413,
            0.6256461888003567,
            0.6016563378335665,
            0.8731607855591758,
            0.8745129272584106,
            0.8733279773349565,
            0.8745283149066134,
            0.8505857489706753,
            0.8425337213306701,
            0.8403230808755824,
            0.8422453191173379,
            0.8409893175785795,
            0.8512362920348395,
            0.8620637540885601,
            0.8598149854278987,
            0.8506266208832759,
            0.8474270036678289,
            0.8177525129860623,
            0.8339783487757196,
            0.8435831300315291,
            0.778159688769478,
            0.8745870358248811,
            0.859699239031983,
            0.8423648059061782,
            0.847442320661479,
            0.8423744638193891,
            0.8745649284720012,
            0.8513223949504375,
            0.8412639612281514,
            0.8620667594592162,
            0.8731611388319399,
            0.8733267528351397,
            0.8177086340909147,
            0.8506020476059072,
            0.8505638422982171,
            0.8403343753953935,
            0.8339782743600879,
            0.8435782126895705,
            0.7780318599077302,
            0.8831367213919153,
            0.8931486590926031,
            0.9099566452310285,
            0.8955124626473118,
            0.903918425009854,
            0.9151393838409112,
            0.9232658336428367,
            0.9629853320339292,
            0.8933084664943344,
            0.9094571475450771,
            0.9039459150483944,
            0.9232836502719145,
            0.883141679681499,
            0.8955404216559963,
            0.9149954269522326,
            0.9629747617773162
        ],
        "vdw_energy": -3.29740004,
        "Total Calculation Time": 165.229,
        "unit_cell_volume": 8888.621127468705,
        "ibslib": "Structure file was written using ibslib.",
        "mbd_energy": -4.002473493
    },
    "struct_id": "ASPIRIN.-101.1.0",
    "input_ref": null,
    "geometry": [
        [
            10.485030174255371,
            5.146129131317139,
            46.80659103393555,
            "H",
            NaN,
            NaN,
            false
        ],
        [
            4.734442710876465,
            1.8781349658966064,
            48.88239288330078,
            "H",
            NaN,
            NaN,
            false
        ],
        [
            9.716259956359863,
            6.452969551086426,
            48.79188919067383,
            "H",
            NaN,
            NaN,
            false
        ],
        [
            5.503774642944336,
            3.1807968616485596,
            46.895172119140625,
            "H",
            NaN,
            NaN,
            false
        ],
        [
            5.119736671447754,
            2.268004894256592,
            44.596134185791016,
            "H",
            NaN,
            NaN,
            false
        ],
        [
            3.940467119216919,
            0.10194375365972519,
            44.3225212097168,
            "H",
            NaN,
            NaN,
            false
        ],
        [
            10.921313285827637,
            0.3349907398223877,
            44.88976287841797,
            "H",
            NaN,
            NaN,
            false
        ],
        [
            12.538005828857422,
            0.9814105033874512,
            45.34638977050781,
            "H",
            NaN,
            NaN,
            false
        ],
        [
            11.483333587646484,
            1.9200725555419922,
            44.28430938720703,
            "H",
            NaN,
            NaN,
            false
        ],
        [
            13.150541305541992,
            0.2187844067811966,
            48.848201751708984,
            "H",
            NaN,
            NaN,
            false
        ],
        [
            2.076655149459839,
            3.477832317352295,
            46.84690475463867,
            "H",
            NaN,
            NaN,
            false
        ],
        [
            10.107219696044922,
            5.54717493057251,
            51.09294128417969,
            "H",
            NaN,
            NaN,
            false
        ],
        [
            11.291483879089355,
            3.382827043533325,
            51.370574951171875,
            "H",
            NaN,
            NaN,
            false
        ],
        [
            4.312434196472168,
            3.6175742149353027,
            50.817413330078125,
            "H",
            NaN,
            NaN,
            false
        ],
        [
            2.690331220626831,
            4.263261795043945,
            50.36480712890625,
            "H",
            NaN,
            NaN,
            false
        ],
        [
            3.7527451515197754,
            5.206043720245361,
            51.416831970214844,
            "H",
            NaN,
            NaN,
            false
        ],
        [
            0.18420924246311188,
            0.17825278639793396,
            47.09428024291992,
            "H",
            NaN,
            NaN,
            false
        ],
        [
            14.252851486206055,
            4.941528797149658,
            42.53440856933594,
            "H",
            NaN,
            NaN,
            false
        ],
        [
            13.480085372924805,
            3.6388537883758545,
            44.51760482788086,
            "H",
            NaN,
            NaN,
            false
        ],
        [
            2.040468215942383,
            3.341824531555176,
            44.56788635253906,
            "H",
            NaN,
            NaN,
            false
        ],
        [
            13.867557525634766,
            4.551658630371094,
            46.82067108154297,
            "H",
            NaN,
            NaN,
            false
        ],
        [
            6.449273109436035,
            5.838259696960449,
            46.070411682128906,
            "H",
            NaN,
            NaN,
            false
        ],
        [
            7.503960609436035,
            4.899590969085693,
            47.13249206542969,
            "H",
            NaN,
            NaN,
            false
        ],
        [
            9.271018981933594,
            0.36669406294822693,
            42.62491226196289,
            "H",
            NaN,
            NaN,
            false
        ],
        [
