{
    "properties": {
        "lattice_vector_a": [
            6.53947,
            0.0,
            0.0
        ],
        "lattice_vector_b": [
            -0.032973,
            11.394632,
            0.0
        ],
        "lattice_vector_c": [
            0.0,
            0.0,
            90.971863
        ],
        "alpha": 90.0,
        "beta": 90.0,
        "gamma": 90.16579811131137,
        "a": 6.53947,
        "b": 11.394679707396474,
        "c": 90.971863,
        "energy": -70622.156412719,
        "hirshfeld_volumes": [
            0.7557898717813873,
            0.7550740731477972,
            0.7558483146600687,
            0.755057623274392,
            0.7463912846504416,
            0.7463601195371538,
            0.7464034823602117,
            0.7463415702144852,
            0.7140689728177148,
            0.7144828698432258,
            0.7140912366279265,
            0.7144535378536606,
            0.7126427864815225,
            0.7120658158148538,
            0.712538029088789,
            0.7120575818331328,
            0.7374063061094209,
            0.7376228679691985,
            0.7374385284848557,
            0.7376256447898375,
            0.7595180263472441,
            0.7599702591756046,
            0.7595658594193798,
            0.7599462828419152,
            0.7228958454426657,
            0.7225541919838615,
            0.7229267160903555,
            0.7225651073110275,
            0.6798351008731351,
            0.6798509085502362,
            0.6797199407042765,
            0.6798351591632535,
            0.8680792905078492,
            0.8681524082986889,
            0.8680597089880707,
            0.8681482098600892,
            0.8688936457497916,
            0.8689414372415459,
            0.8689398076198063,
            0.8689354993039743,
            0.8484254443771894,
            0.8482501684310514,
            0.8484686460094942,
            0.8482452387312621,
            0.8443231384157905,
            0.8442729978616408,
            0.8443526655713124,
            0.8442885077449066,
            0.8402339997228258,
            0.8403415961295043,
            0.8403225994574884,
            0.8404185359824097,
            0.8435917308129323,
            0.8433755517909688,
            0.8436249201846681,
            0.8433870633787598,
            0.8592251609521728,
            0.8592124638185961,
            0.8590255304085369,
            0.8592057091896153,
            0.8480608639294206,
            0.8479376705973656,
            0.8480994896719974,
            0.8479344320398202,
            0.817272154979153,
            0.8173152096607339,
            0.8173588330711677,
            0.8173129444166672,
            0.881570410675876,
            0.8816443817137779,
            0.8815967094370488,
            0.8816426918114241,
            0.9594366730796026,
            0.9592987886552857,
            0.9589114070305096,
            0.9592736642258564,
            0.8938413118974037,
            0.8940395790873742,
            0.8938651094844736,
            0.8940384424596441,
            0.9056103710058991,
            0.9056763208326787,
            0.9056303452365531,
            0.9056551752357654
        ],
        "vdw_energy": -3.92322391,
        "Total Calculation Time": 213.868,
        "unit_cell_volume": 6778.755100928117,
        "ibslib": "Structure file was written using ibslib.",
        "mbd_energy": -4.517924727
    },
    "struct_id": "ASPIRIN.100.1.0",
    "input_ref": null,
    "geometry": [
        [
            1.5813919305801392,
            5.128438949584961,
            44.01591873168945,
            "H",
            NaN,
            NaN,
            false
        ],
        [
            4.844236850738525,
            10.485773086547852,
            46.96604537963867,
            "H",
            NaN,
            NaN,
            false
        ],
        [
            5.052207946777344,
            4.789802074432373,
            46.95394515991211,
            "H",
            NaN,
            NaN,
            false
        ],
        [
            1.7563977241516113,
            10.826814651489258,
            44.00581741333008,
            "H",
            NaN,
            NaN,
            false
        ],
        [
            0.2738707363605499,
            7.126168727874756,
            43.283958435058594,
            "H",
            NaN,
            NaN,
            false
        ],
        [
            3.5422582626342773,
            8.48449993133545,
            47.698001861572266,
            "H",
            NaN,
            NaN,
            false
        ],
        [
            6.359736919403076,
            2.791775941848755,
            47.687904357910156,
            "H",
            NaN,
            NaN,
            false
        ],
        [
            3.0913426876068115,
            1.4334675073623657,
            43.273860931396484,
            "H",
            NaN,
            NaN,
            false
        ],
        [
            1.180004596710205,
            8.597763061523438,
            41.46797561645508,
            "H",
            NaN,
            NaN,
            false
        ],
        [
            4.454709529876709,
            7.011322021484375,
            49.50588607788086,
            "H",
            NaN,
            NaN,
            false
        ],
        [
            5.4536027908325195,
            1.3202048540115356,
            49.50388717651367,
            "H",
            NaN,
            NaN,
            false
        ],
        [
            2.1788904666900635,
            2.9069302082061768,
            41.46397399902344,
            "H",
            NaN,
            NaN,
            false
        ],
        [
            3.3454203605651855,
            8.025638580322266,
            40.39814758300781,
            "H",
            NaN,
            NaN,
            false
        ],
        [
            0.0802418440580368,
            7.585520267486572,
            50.57371520996094,
            "H",
            NaN,
            NaN,
            false
        ],
        [
            3.2881805896759033,
            1.8923293352127075,
            50.57371520996094,
            "H",
            NaN,
            NaN,
            false
        ],
        [
            0.013889092952013016,
            2.332447052001953,
            40.39814758300781,
            "H",
            NaN,
            NaN,
            false
        ],
        [
            6.392927169799805,
            3.403280258178711,
            44.9570198059082,
            "H",
            NaN,
            NaN,
            false
        ],
        [
            3.1373910903930664,
            0.8219175934791565,
            46.006744384765625,
            "H",
            NaN,
            NaN,
            false
        ],
        [
            0.2406802624464035,
            6.514664173126221,
            46.01484298706055,
            "H",
            NaN,
            NaN,
            false
        ],
        [
            3.4962098598480225,
            9.096038818359375,
            44.965118408203125,
            "H",
            NaN,
            NaN,
            false
        ],
        [
            5.747955799102783,
            2.679037570953369,
            43.43879318237305,
            "H",
            NaN,
            NaN,
            false
        ],
        [
            2.4902493953704834,
            1.552643895149231,
            47.52106475830078,
            "H",
            NaN,
            NaN,
            false
        ],
        [
            0.8856585025787354,
            7.238918781280518,
            47.5330696105957,
            "H",
            NaN,
            NaN,
            false
        ],
        [
            4.14335823059082,
            8.365312576293945,
            43.450801849365234,
            "H",
            NaN,
            NaN,
            false
        ],
        [
