{
    "properties": {
        "lattice_vector_a": [
            13.028999,
            0.0,
            0.0
        ],
        "lattice_vector_b": [
            -4.637955,
            12.274425,
            0.0
        ],
        "lattice_vector_c": [
            0.0,
            0.0,
            91.089146
        ],
        "alpha": 90.0,
        "beta": 90.0,
        "gamma": 110.69933130512929,
        "a": 13.028999,
        "b": 13.121438018092759,
        "c": 91.089146,
        "energy": -70620.276232332,
        "hirshfeld_volumes": [
            0.6485035542223802,
            0.6148059774968687,
            0.6228871898625886,
            0.7595344440605839,
            0.7416056749771843,
            0.7724214575955645,
            0.7304183741588528,
            0.7643446240237366,
            0.6858831971251554,
            0.6728385922351502,
            0.6531519399119732,
            0.6812340456240072,
            0.6151727730917296,
            0.6351339155923207,
            0.6149775795853453,
            0.6259515486204585,
            0.7597570248775843,
            0.7726884705577943,
            0.7304850540342613,
            0.7640461504776189,
            0.6859310764273852,
            0.6728713040465789,
            0.7415226326635481,
            0.6488544466649462,
            0.6150601465330161,
            0.6229788329836906,
            0.625852641344605,
            0.6152119842513567,
            0.6351744694346744,
            0.6150187585389685,
            0.6531788367815933,
            0.6812599817116763,
            0.8731403440955815,
            0.8805442959391532,
            0.871122425619564,
            0.8821313804141266,
            0.8338243385067428,
            0.8476743948086426,
            0.8211986670401253,
            0.8437122304065794,
            0.8271562382493487,
            0.8545127319724504,
            0.85059347422665,
            0.8616876526503033,
            0.8598042561445103,
            0.8694569642909129,
            0.855228360506256,
            0.8151712896699967,
            0.8495857235038731,
            0.7793872581639593,
            0.8805545905492851,
            0.8821437342149333,
            0.84768990442326,
            0.8437288581362116,
            0.85457458533211,
            0.8617440188645571,
            0.8694690701291634,
            0.8552366335365015,
            0.8151355615700318,
            0.8272505618087367,
            0.8506419942931087,
            0.859500263184717,
            0.8730855680117389,
            0.8711689574185493,
            0.8342687835835262,
            0.821426062673838,
            0.849611293467139,
            0.7794111093141871,
            0.8834151231668788,
            0.9320857136300639,
            0.9676661141478177,
            0.89430267049105,
            0.9052790094958769,
            0.9375132631280876,
            0.8793645699917259,
            0.9350374735698679,
            0.8834282513654352,
            0.9676886293747912,
            0.9052629518225709,
            0.9375614132714135,
            0.8943372857408434,
            0.9312925173543609,
            0.8794489930905133,
            0.935024500423771
        ],
        "vdw_energy": -2.54553248,
        "Total Calculation Time": 129.794,
        "unit_cell_volume": 14567.292403352603,
        "ibslib": "Structure file was written using ibslib.",
        "mbd_energy": -3.379405834
    },
    "struct_id": "ASPIRIN.-1-11.1.0",
    "input_ref": null,
    "geometry": [
        [
            9.799975395202637,
            7.43781042098999,
            46.09967041015625,
            "H",
            NaN,
            NaN,
            false
        ],
        [
            9.58626937866211,
            8.518230438232422,
            43.8592414855957,
            "H",
            NaN,
            NaN,
            false
        ],
        [
            7.395192623138428,
            9.537130355834961,
            43.18354415893555,
            "H",
            NaN,
            NaN,
            false
        ],
        [
            7.5846171379089355,
            4.854903221130371,
            46.56422424316406,
            "H",
            NaN,
            NaN,
            false
        ],
        [
            5.466777801513672,
            9.42477035522461,
            44.74016571044922,
            "H",
            NaN,
            NaN,
            false
        ],
        [
            7.820320129394531,
            3.2635610103607178,
            44.67375946044922,
            "H",
            NaN,
            NaN,
            false
        ],
        [
            -3.8551838397979736,
            11.899502754211426,
            46.200233459472656,
            "H",
            NaN,
            NaN,
            false
        ],
        [
            7.641153812408447,
            10.98497200012207,
            46.4415283203125,
            "H",
            NaN,
            NaN,
            false
        ],
        [
            8.461219787597656,
            11.71192455291748,
            47.82918167114258,
            "H",
            NaN,
            NaN,
            false
        ],
        [
            5.376591205596924,
            11.789990425109863,
            43.68635559082031,
            "H",
            NaN,
            NaN,
            false
        ],
        [
            10.380447387695312,
            2.4790902137756348,
            48.850833892822266,
            "H",
            NaN,
            NaN,
            false
        ],
        [
            8.857491493225098,
            4.451798915863037,
            48.683868408203125,
            "H",
            NaN,
            NaN,
            false
        ],
        [
            8.40798282623291,
            7.860897541046143,
            51.089168548583984,
            "H",
            NaN,
            NaN,
            false
        ],
        [
            7.51603364944458,
            6.50980281829834,
            50.296783447265625,
            "H",
            NaN,
            NaN,
            false
        ],
        [
            9.280692100524902,
            6.583289623260498,
            50.194217681884766,
            "H",
            NaN,
            NaN,
            false
        ],
        [
            4.490998268127441,
            7.838067531585693,
            48.78443145751953,
            "H",
            NaN,
            NaN,
            false
        ],
        [
            3.085594654083252,
            9.628046989440918,
            44.52492141723633,
            "H",
            NaN,
            NaN,
            false
        ],
        [
            2.84989595413208,
            11.219376564025879,
            46.41538619995117,
            "H",
            NaN,
            NaN,
            false
        ],
        [
            1.4926260709762573,
            2.582563638687134,
            44.88690948486328,
            "H",
            NaN,
            NaN,
            false
        ],
        [
            3.0252742767333984,
            3.49709415435791,
            44.64561462402344,
            "H",
            NaN,
            NaN,
            false
        ],
        [
            2.2089881896972656,
            2.771000623703003,
            43.25996780395508,
            "H",
            NaN,
            NaN,
            false
        ],
        [
            5.2936248779296875,
            2.6929473876953125,
            47.40279006958008,
            "H",
            NaN,
            NaN,
            false
        ],
        [
            5.203425407409668,
            5.058167934417725,
            46.34897994995117,
            "H",
            NaN,
            NaN,
            false
        ],
        [
            0.8664662837982178,
            7.04425573348999,
            44.98747253417969,
            "H",
            NaN,
            NaN,
            false
        ],
        [
            1.0839258432388306,
